document_id,missing_count
10.1371_journal.pcbi.1011828,12
10.1080_21645515.2023.2189598,10
10.7554_eLife.63194,5
10.7554_elife.63455,2
10.1016_j.cpc.2024.109087,1
10.1038_s41893-020-0559-9,1
10.1038_s41558-022-01301-z,1
10.1021_acs.jcim.9b01185,1
10.1111_1365-2656.12594,1
10.3390_s19030479,1
10.7554_eLife.72626,1
10.7554_elife.73695,1
10.7554_elife.74937,1
