{
  "timestamp": "2025-08-04T15:42:25.638012",
  "neighborhood_stats_summary": {
    "datasets_with_stats": 487,
    "avg_neighbor_similarity_mean": 0.9484871320338036
  }
}